{
  "algorithm": "LinUCB",
  "d": 7,
  "K": 5,
  "action_names": [
    "strong_dampen",
    "slight_dampen",
    "trust_mra",
    "slight_boost",
    "reverse"
  ],
  "action_factors": [
    0.3,
    0.7,
    1.0,
    1.3,
    -0.5
  ],
  "thetas": [
    [
      -0.04375423932957041,
      -0.019900467059487437,
      -0.7909750513195575,
      0.02038510288935063,
      0.04351990504918774,
      -0.03427081687579288,
      0.035947850260433054,
      0.002068377326540937
    ],
    [
      -0.127496849944417,
      0.022834508292935724,
      0.07428961371437871,
      -0.052995171263517354,
      0.049143075399918086,
      -0.1474174503405762,
      0.11968261863736958,
      0.008905267896631684
    ],
    [
      0.0,
      0.0,
      0.0,
      0.0,
      0.0,
      0.0,
      0.0,
      0.0
    ],
    [
      -0.25116088548309284,
      0.022613457515869004,
      0.12850178883458646,
      0.06808136186932923,
      0.09204933958068984,
      0.41736312162440414,
      0.11379927932609867,
      -0.020374978253412654
    ],
    [
      -1.0757098328115222,
      -0.18533180581731212,
      0.0741123604717004,
      0.8520397057886315,
      -0.150106635636928,
      0.4177566392853297,
      0.6044739214681855,
      0.04714544556507421
    ]
  ],
  "n_updates": [
    1128,
    23633,
    7228,
    12195,
    3575
  ],
  "context_names": [
    "ewma_vol",
    "pred_magnitude",
    "signal_dir",
    "market_type",
    "pattern_tier",
    "confidence_norm",
    "raw_hurst"
  ],
  "training_summary": {
    "n_samples": 47759,
    "n_periods": 8,
    "mean_ic_adjusted": -0.003882,
    "mean_ic_original": -0.005763,
    "t_stat_delta": 0.124
  },
  "normalization": {
    "ewma_vol": {
      "mean": 0.02644,
      "std": 0.019218
    },
    "raw_hurst": {
      "mean": 0.611995,
      "std": 0.133399
    },
    "pred_std": 1.409038,
    "move_atr": {
      "mean": 1.737511,
      "std": 1.528832
    },
    "jeffrey_div": {
      "mean": 430.947923,
      "std": 47065.912859
    }
  },
  "win_rates_live": {
    "hammer": {
      "alpha": 182.0,
      "beta": 198.0
    },
    "invertedHammer": {
      "alpha": 263.1,
      "beta": 239.9
    },
    "shootingStar": {
      "alpha": 205.0,
      "beta": 161.0
    },
    "hangingMan": {
      "alpha": 443.3,
      "beta": 359.7
    },
    "doji": {
      "alpha": 17653.0,
      "beta": 24378.0
    },
    "dragonflyDoji": {
      "alpha": 10.0,
      "beta": 10.0
    },
    "gravestoneDoji": {
      "alpha": 13.0,
      "beta": 9.0
    },
    "spinningTop": {
      "alpha": 59153.0,
      "beta": 78093.0
    },
    "bullishEngulfing": {
      "alpha": 8900.5,
      "beta": 11560.5
    },
    "bearishEngulfing": {
      "alpha": 13839.4,
      "beta": 10698.6
    },
    "bullishHarami": {
      "alpha": 5726.5,
      "beta": 6749.5
    },
    "bearishHarami": {
      "alpha": 4645.1,
      "beta": 4004.9
    },
    "piercingLine": {
      "alpha": 38.0,
      "beta": 64.0
    },
    "darkCloud": {
      "alpha": 187.9,
      "beta": 153.1
    },
    "tweezerBottom": {
      "alpha": 281.2,
      "beta": 378.8
    },
    "tweezerTop": {
      "alpha": 422.8,
      "beta": 360.2
    },
    "threeWhiteSoldiers": {
      "alpha": 355.7,
      "beta": 277.3
    },
    "threeBlackCrows": {
      "alpha": 342.8,
      "beta": 196.2
    },
    "morningStar": {
      "alpha": 2275.4,
      "beta": 3028.6
    },
    "eveningStar": {
      "alpha": 2464.1,
      "beta": 2158.9
    },
    "bullishMarubozu": {
      "alpha": 2472.5,
      "beta": 3400.5
    },
    "bearishMarubozu": {
      "alpha": 4580.0,
      "beta": 3303.0
    },
    "bullishBeltHold": {
      "alpha": 1760.0,
      "beta": 1440.0
    },
    "bearishBeltHold": {
      "alpha": 1624.0,
      "beta": 1176.0
    },
    "threeInsideUp": {
      "alpha": 532.0,
      "beta": 418.0
    },
    "threeInsideDown": {
      "alpha": 396.0,
      "beta": 324.0
    },
    "abandonedBabyBullish": {
      "alpha": 6.4,
      "beta": 5.6
    },
    "abandonedBabyBearish": {
      "alpha": 5.3,
      "beta": 4.7
    },
    "longLeggedDoji": {
      "alpha": 3825.0,
      "beta": 4675.0
    },
    "channel": {
      "alpha": 870.0,
      "beta": 630.0
    },
    "doubleBottom": {
      "alpha": 1922.1,
      "beta": 1007.9
    },
    "doubleTop": {
      "alpha": 1240.3,
      "beta": 458.7
    },
    "headAndShoulders": {
      "alpha": 2.0,
      "beta": 2.0
    },
    "inverseHeadAndShoulders": {
      "alpha": 2.0,
      "beta": 2.0
    },
    "ascendingTriangle": {
      "alpha": 5.0,
      "beta": 7.0
    },
    "descendingTriangle": {
      "alpha": 7.0,
      "beta": 5.0
    },
    "symmetricTriangle": {
      "alpha": 404.4,
      "beta": 847.6
    },
    "risingWedge": {
      "alpha": 392.8,
      "beta": 216.2
    },
    "fallingWedge": {
      "alpha": 504.1,
      "beta": 915.9
    }
  },
  "trained_date": "2026-04-04",
  "feature_dim": 7
}