{
  "algorithm": "LinUCB",
  "d": 7,
  "K": 5,
  "action_names": [
    "strong_dampen",
    "slight_dampen",
    "trust_mra",
    "slight_boost",
    "reverse"
  ],
  "action_factors": [
    0.3,
    0.7,
    1.0,
    1.3,
    -0.5
  ],
  "thetas": [
    [
      -0.04375423932957041,
      -0.019900467059487437,
      -0.7909750513195575,
      0.02038510288935063,
      0.04351990504918774,
      -0.03427081687579288,
      0.035947850260433054,
      0.002068377326540937
    ],
    [
      -0.127496849944417,
      0.022834508292935724,
      0.07428961371437871,
      -0.052995171263517354,
      0.049143075399918086,
      -0.1474174503405762,
      0.11968261863736958,
      0.008905267896631684
    ],
    [
      0.0,
      0.0,
      0.0,
      0.0,
      0.0,
      0.0,
      0.0,
      0.0
    ],
    [
      -0.25116088548309284,
      0.022613457515869004,
      0.12850178883458646,
      0.06808136186932923,
      0.09204933958068984,
      0.41736312162440414,
      0.11379927932609867,
      -0.020374978253412654
    ],
    [
      -1.0757098328115222,
      -0.18533180581731212,
      0.0741123604717004,
      0.8520397057886315,
      -0.150106635636928,
      0.4177566392853297,
      0.6044739214681855,
      0.04714544556507421
    ]
  ],
  "n_updates": [
    1128,
    23633,
    7228,
    12195,
    3575
  ],
  "context_names": [
    "ewma_vol",
    "pred_magnitude",
    "signal_dir",
    "market_type",
    "pattern_tier",
    "confidence_norm",
    "raw_hurst"
  ],
  "training_summary": {
    "n_samples": 47759,
    "n_periods": 8,
    "mean_ic_adjusted": -0.003882,
    "mean_ic_original": -0.005763,
    "t_stat_delta": 0.124
  },
  "normalization": {
    "ewma_vol": {
      "mean": 0.02644,
      "std": 0.019218
    },
    "raw_hurst": {
      "mean": 0.611995,
      "std": 0.133399
    },
    "pred_std": 1.409038,
    "move_atr": {
      "mean": 1.737511,
      "std": 1.528832
    },
    "jeffrey_div": {
      "mean": 430.947923,
      "std": 47065.912859
    }
  }
}