{
  "algorithm": "LinUCB",
  "d": 7,
  "K": 5,
  "action_names": [
    "strong_dampen",
    "slight_dampen",
    "trust_mra",
    "slight_boost",
    "reverse"
  ],
  "action_factors": [
    0.3,
    0.7,
    1.0,
    1.3,
    -0.5
  ],
  "thetas": [
    [
      -2.1244451410582315,
      0.003687856537268247,
      0.4981875818872512,
      0.05543071758374161,
      0.009164122189018797,
      0.11970583490249974,
      -0.3263743257895051,
      0.7387081269788638
    ],
    [
      0.01581699705405418,
      0.009021932803124114,
      -0.20149094459795697,
      -0.0020600774730178063,
      -0.6092890419366329,
      -0.008578646899113591,
      -0.0003068363723569016,
      -0.001644166604715773
    ],
    [
      0.0,
      0.0,
      0.0,
      0.0,
      0.0,
      0.0,
      0.0,
      0.0
    ],
    [
      -0.21147545178312277,
      0.0417945056248911,
      0.17283561424789268,
      0.0760613525580335,
      0.0784079757249233,
      0.10239544270810351,
      -0.04087019386658077,
      -0.02111139863302268
    ],
    [
      -0.12472177993183618,
      -0.022010456112277678,
      0.13713065313206377,
      0.025025646698664437,
      -0.01825917869238245,
      -0.07872589732221862,
      0.14048660168220703,
      0.0031585746016879
    ]
  ],
  "n_updates": [
    2252,
    4135,
    45355,
    70950,
    76443
  ],
  "context_names": [
    "ewma_vol",
    "pred_magnitude",
    "signal_dir",
    "market_type",
    "pattern_tier",
    "confidence_norm",
    "raw_hurst"
  ],
  "training_summary": {
    "n_samples": 199135,
    "n_periods": 8,
    "mean_ic_adjusted": 0.045868,
    "mean_ic_original": 0.053693,
    "t_stat_delta": -0.8484
  },
  "normalization": {
    "ewma_vol": {
      "mean": 0.026713,
      "std": 0.017879
    },
    "raw_hurst": {
      "mean": 0.947379,
      "std": 0.074609
    },
    "pred_std": 0.912305,
    "move_atr": {
      "mean": 1.749223,
      "std": 1.433023
    },
    "jeffrey_div": {
      "mean": 240.917463,
      "std": 35252.840889
    }
  }
}