{
  "algorithm": "LinUCB",
  "d": 7,
  "K": 5,
  "action_names": [
    "strong_dampen",
    "slight_dampen",
    "trust_mra",
    "slight_boost",
    "reverse"
  ],
  "action_factors": [
    0.3,
    0.7,
    1.0,
    1.3,
    -0.5
  ],
  "thetas": [
    [
      -0.0861480353659039,
      -0.010160896059614425,
      0.08553593405507628,
      0.013071721337401835,
      -0.011005730317592924,
      -0.06840514599656085,
      0.14685175303624687,
      0.012147622459289376
    ],
    [
      -0.031014080281552402,
      -0.0006692070961933671,
      -0.24580140443099233,
      -0.01237322173334088,
      -0.012151297470314477,
      0.0025435497545838594,
      0.06633270778306556,
      -0.00990121316278144
    ],
    [
      0.0,
      0.0,
      0.0,
      0.0,
      0.0,
      0.0,
      0.0,
      0.0
    ],
    [
      -0.15112513228220717,
      0.05937849964389949,
      0.22726301695482246,
      0.043877688420813826,
      0.014326403786932763,
      0.08801768758324241,
      -0.07092884580103696,
      0.010541342886060503
    ],
    [
      0.05582278231820741,
      0.01626524486235801,
      -0.9666176307655386,
      0.0033203304810915718,
      0.002139196053451351,
      -0.026617451777724035,
      -0.0753269199067024,
      0.028943101811932548
    ]
  ],
  "n_updates": [
    63444,
    4792,
    52462,
    74627,
    3810
  ],
  "context_names": [
    "ewma_vol",
    "pred_magnitude",
    "signal_dir",
    "market_type",
    "pattern_tier",
    "confidence_norm",
    "raw_hurst"
  ],
  "training_summary": {
    "n_samples": 199135,
    "n_periods": 8,
    "mean_ic_adjusted": 0.102865,
    "mean_ic_original": 0.093797
  }
}