{
  "algorithm": "LinUCB",
  "d": 7,
  "K": 5,
  "action_names": [
    "strong_dampen",
    "slight_dampen",
    "trust_mra",
    "slight_boost",
    "reverse"
  ],
  "action_factors": [
    0.3,
    0.7,
    1.0,
    1.3,
    -0.5
  ],
  "thetas": [
    [
      -2.1244451410582315,
      0.003687856537268247,
      0.4981875818872512,
      0.05543071758374161,
      0.009164122189018797,
      0.11970583490249974,
      -0.3263743257895051,
      0.7387081269788638
    ],
    [
      0.01581699705405418,
      0.009021932803124114,
      -0.20149094459795697,
      -0.0020600774730178063,
      -0.6092890419366329,
      -0.008578646899113591,
      -0.0003068363723569016,
      -0.001644166604715773
    ],
    [
      0.0,
      0.0,
      0.0,
      0.0,
      0.0,
      0.0,
      0.0,
      0.0
    ],
    [
      -0.21147545178312277,
      0.0417945056248911,
      0.17283561424789268,
      0.0760613525580335,
      0.0784079757249233,
      0.10239544270810351,
      -0.04087019386658077,
      -0.02111139863302268
    ],
    [
      -0.12472177993183618,
      -0.022010456112277678,
      0.13713065313206377,
      0.025025646698664437,
      -0.01825917869238245,
      -0.07872589732221862,
      0.14048660168220703,
      0.0031585746016879
    ]
  ],
  "n_updates": [
    2252,
    4135,
    45355,
    70950,
    76443
  ],
  "context_names": [
    "ewma_vol",
    "pred_magnitude",
    "signal_dir",
    "market_type",
    "pattern_tier",
    "confidence_norm",
    "raw_hurst"
  ],
  "training_summary": {
    "n_samples": 199135,
    "n_periods": 8,
    "mean_ic_adjusted": 0.045868,
    "mean_ic_original": 0.053693,
    "t_stat_delta": -0.8484
  },
  "normalization": {
    "ewma_vol": {
      "mean": 0.026713,
      "std": 0.017879
    },
    "raw_hurst": {
      "mean": 0.947379,
      "std": 0.074609
    },
    "pred_std": 0.912305,
    "move_atr": {
      "mean": 1.749223,
      "std": 1.433023
    },
    "jeffrey_div": {
      "mean": 240.917463,
      "std": 35252.840889
    }
  },
  "win_rates_live": {
    "hammer": {
      "alpha": 182.0,
      "beta": 198.0
    },
    "invertedHammer": {
      "alpha": 263.1,
      "beta": 239.9
    },
    "shootingStar": {
      "alpha": 205.0,
      "beta": 161.0
    },
    "hangingMan": {
      "alpha": 443.3,
      "beta": 359.7
    },
    "doji": {
      "alpha": 17653.0,
      "beta": 24378.0
    },
    "dragonflyDoji": {
      "alpha": 10.0,
      "beta": 10.0
    },
    "gravestoneDoji": {
      "alpha": 13.0,
      "beta": 9.0
    },
    "spinningTop": {
      "alpha": 59153.0,
      "beta": 78093.0
    },
    "bullishEngulfing": {
      "alpha": 8900.5,
      "beta": 11560.5
    },
    "bearishEngulfing": {
      "alpha": 13839.4,
      "beta": 10698.6
    },
    "bullishHarami": {
      "alpha": 5726.5,
      "beta": 6749.5
    },
    "bearishHarami": {
      "alpha": 4645.1,
      "beta": 4004.9
    },
    "piercingLine": {
      "alpha": 38.0,
      "beta": 64.0
    },
    "darkCloud": {
      "alpha": 187.9,
      "beta": 153.1
    },
    "tweezerBottom": {
      "alpha": 281.2,
      "beta": 378.8
    },
    "tweezerTop": {
      "alpha": 422.8,
      "beta": 360.2
    },
    "threeWhiteSoldiers": {
      "alpha": 355.7,
      "beta": 277.3
    },
    "threeBlackCrows": {
      "alpha": 342.8,
      "beta": 196.2
    },
    "morningStar": {
      "alpha": 2275.4,
      "beta": 3028.6
    },
    "eveningStar": {
      "alpha": 2464.1,
      "beta": 2158.9
    },
    "bullishMarubozu": {
      "alpha": 2472.5,
      "beta": 3400.5
    },
    "bearishMarubozu": {
      "alpha": 4580.0,
      "beta": 3303.0
    },
    "bullishBeltHold": {
      "alpha": 1760.0,
      "beta": 1440.0
    },
    "bearishBeltHold": {
      "alpha": 1624.0,
      "beta": 1176.0
    },
    "threeInsideUp": {
      "alpha": 532.0,
      "beta": 418.0
    },
    "threeInsideDown": {
      "alpha": 396.0,
      "beta": 324.0
    },
    "abandonedBabyBullish": {
      "alpha": 6.4,
      "beta": 5.6
    },
    "abandonedBabyBearish": {
      "alpha": 5.3,
      "beta": 4.7
    },
    "longLeggedDoji": {
      "alpha": 3825.0,
      "beta": 4675.0
    },
    "channel": {
      "alpha": 870.0,
      "beta": 630.0
    },
    "doubleBottom": {
      "alpha": 1922.1,
      "beta": 1007.9
    },
    "doubleTop": {
      "alpha": 1240.3,
      "beta": 458.7
    },
    "headAndShoulders": {
      "alpha": 2.0,
      "beta": 2.0
    },
    "inverseHeadAndShoulders": {
      "alpha": 2.0,
      "beta": 2.0
    },
    "ascendingTriangle": {
      "alpha": 5.0,
      "beta": 7.0
    },
    "descendingTriangle": {
      "alpha": 7.0,
      "beta": 5.0
    },
    "symmetricTriangle": {
      "alpha": 404.4,
      "beta": 847.6
    },
    "risingWedge": {
      "alpha": 392.8,
      "beta": 216.2
    },
    "fallingWedge": {
      "alpha": 504.1,
      "beta": 915.9
    }
  },
  "platt_params": {
    "strongBuy_hammerRsiVolume": [
      4.0,
      -2.0
    ],
    "strongSell_shootingMacdVol": [
      4.0,
      -2.0
    ],
    "buy_goldenCrossRsi": [
      4.0,
      -2.0
    ],
    "sell_deadCrossMacd": [
      4.0,
      -2.0
    ],
    "buy_bbBounceRsi": [
      4.0,
      -2.0
    ],
    "sell_bbBreakoutRsi": [
      4.0,
      -2.0
    ],
    "buy_hammerBBVol": [
      4.0,
      -2.0
    ],
    "sell_shootingStarBBVol": [
      4.0,
      -2.0
    ],
    "buy_morningStarRsiVol": [
      4.0,
      -2.0
    ],
    "sell_eveningStarRsiVol": [
      4.0,
      -2.0
    ],
    "buy_engulfingMacdAlign": [
      4.0,
      -2.0
    ],
    "sell_engulfingMacdAlign": [
      4.0,
      -2.0
    ],
    "buy_doubleBottomNeckVol": [
      4.0,
      -2.0
    ],
    "sell_doubleTopNeckVol": [
      4.0,
      -2.0
    ],
    "buy_ichimokuTriple": [
      4.0,
      -2.0
    ],
    "sell_ichimokuTriple": [
      4.0,
      -2.0
    ],
    "buy_goldenMarubozuVol": [
      4.0,
      -2.0
    ],
    "sell_deadMarubozuVol": [
      4.0,
      -2.0
    ]
  }
}