{
  "algorithm": "LinUCB",
  "d": 7,
  "K": 5,
  "action_names": [
    "strong_dampen",
    "slight_dampen",
    "trust_mra",
    "slight_boost",
    "reverse"
  ],
  "action_factors": [
    0.3,
    0.7,
    1.0,
    1.3,
    -0.5
  ],
  "thetas": [
    [
      -0.04639517300612768,
      -0.00694430214088788,
      -0.35253703351133864,
      -0.007762555482869458,
      -0.021404964382363053,
      0.09752218817260343,
      0.0786501572670414,
      0.06561211909114698
    ],
    [
      -0.10602455318828817,
      0.020726967920136903,
      0.07482216575829591,
      -0.04378893430642942,
      0.03878280648904818,
      -0.20809072195534872,
      0.07939543901277649,
      0.019694218757526923
    ],
    [
      0.0,
      0.0,
      0.0,
      0.0,
      0.0,
      0.0,
      0.0,
      0.0
    ],
    [
      -0.21038413460914446,
      0.024787471871374884,
      0.1096173293155117,
      0.0839379241255364,
      0.08718741719081496,
      0.030528233191656658,
      0.03211637315034996,
      -0.0085190324865764
    ],
    [
      -1.1225223309616088,
      -0.38443790134112943,
      0.01808138484360661,
      0.3952066750552856,
      -0.2513268651271177,
      0.7737238322298657,
      1.0371323112659354,
      -0.023959443009554493
    ]
  ],
  "n_updates": [
    1166,
    23634,
    7341,
    14036,
    1582
  ],
  "context_names": [
    "ewma_vol",
    "pred_magnitude",
    "signal_dir",
    "market_type",
    "pattern_tier",
    "confidence_norm",
    "raw_hurst"
  ],
  "training_summary": {
    "n_samples": 47759,
    "n_periods": 8,
    "mean_ic_adjusted": -0.008832,
    "mean_ic_original": -0.005763,
    "t_stat_delta": -0.1518
  },
  "normalization": {
    "ewma_vol": {
      "mean": 0.026411,
      "std": 0.019188
    },
    "raw_hurst": {
      "mean": 0.947134,
      "std": 0.075901
    },
    "pred_std": 1.409038,
    "move_atr": {
      "mean": 1.735149,
      "std": 1.526166
    },
    "jeffrey_div": {
      "mean": 425.762508,
      "std": 46780.910964
    }
  },
  "win_rates_live": {
    "hammer": {
      "alpha": 375.0,
      "beta": 346.0
    },
    "invertedHammer": {
      "alpha": 263.1,
      "beta": 239.9
    },
    "shootingStar": {
      "alpha": 382.0,
      "beta": 322.0
    },
    "hangingMan": {
      "alpha": 818.3,
      "beta": 722.7
    },
    "doji": {
      "alpha": 17653.0,
      "beta": 24378.0
    },
    "dragonflyDoji": {
      "alpha": 34.0,
      "beta": 22.0
    },
    "gravestoneDoji": {
      "alpha": 29.0,
      "beta": 30.0
    },
    "spinningTop": {
      "alpha": 59153.0,
      "beta": 78093.0
    },
    "bullishEngulfing": {
      "alpha": 16521.5,
      "beta": 20470.5
    },
    "bearishEngulfing": {
      "alpha": 24506.4,
      "beta": 19785.6
    },
    "bullishHarami": {
      "alpha": 5726.5,
      "beta": 6749.5
    },
    "bearishHarami": {
      "alpha": 4645.1,
      "beta": 4004.9
    },
    "piercingLine": {
      "alpha": 77.0,
      "beta": 125.0
    },
    "darkCloud": {
      "alpha": 332.9,
      "beta": 289.1
    },
    "tweezerBottom": {
      "alpha": 413.2,
      "beta": 529.8
    },
    "tweezerTop": {
      "alpha": 618.8,
      "beta": 547.2
    },
    "threeWhiteSoldiers": {
      "alpha": 470.7,
      "beta": 355.3
    },
    "threeBlackCrows": {
      "alpha": 611.8,
      "beta": 340.2
    },
    "morningStar": {
      "alpha": 2532.4,
      "beta": 3343.6
    },
    "eveningStar": {
      "alpha": 2700.1,
      "beta": 2384.9
    },
    "bullishMarubozu": {
      "alpha": 5386.5,
      "beta": 6337.5
    },
    "bearishMarubozu": {
      "alpha": 8760.0,
      "beta": 6907.0
    },
    "bullishBeltHold": {
      "alpha": 1760.0,
      "beta": 1440.0
    },
    "bearishBeltHold": {
      "alpha": 1624.0,
      "beta": 1176.0
    },
    "threeInsideUp": {
      "alpha": 532.0,
      "beta": 418.0
    },
    "threeInsideDown": {
      "alpha": 396.0,
      "beta": 324.0
    },
    "abandonedBabyBullish": {
      "alpha": 6.4,
      "beta": 5.6
    },
    "abandonedBabyBearish": {
      "alpha": 5.3,
      "beta": 4.7
    },
    "longLeggedDoji": {
      "alpha": 3825.0,
      "beta": 4675.0
    },
    "channel": {
      "alpha": 870.0,
      "beta": 630.0
    },
    "doubleBottom": {
      "alpha": 2435.1,
      "beta": 1300.9
    },
    "doubleTop": {
      "alpha": 1755.3,
      "beta": 667.7
    },
    "headAndShoulders": {
      "alpha": 157.0,
      "beta": 144.0
    },
    "inverseHeadAndShoulders": {
      "alpha": 171.0,
      "beta": 225.0
    },
    "ascendingTriangle": {
      "alpha": 29.0,
      "beta": 34.0
    },
    "descendingTriangle": {
      "alpha": 42.0,
      "beta": 39.0
    },
    "symmetricTriangle": {
      "alpha": 968.4,
      "beta": 1961.6
    },
    "risingWedge": {
      "alpha": 515.8,
      "beta": 293.2
    },
    "fallingWedge": {
      "alpha": 1214.1,
      "beta": 1962.9
    }
  }
}